F1-known,F1-open,F1,Acc,dataset,method,backbone,known_cls_ratio,labeled_ratio,loss,seed,train_epochs,created_time,lr,safe1,safe2,alpha,alpha_loss,margin,p,loss_weight,supcon_loss_weight,triplet_loss_weight
78.2301,92.6644,78.6002,88.72,oos,ADB,bert,0.25,1.0,CrossEntropyLoss,1,100,2024-09-23-23-09-06,2e-05,0.6,0.6,0,0.5,0.3,2,1,0.3,0.3
79.3139,93.065,79.6665,89.33,oos,ADB,bert,0.25,1.0,CrossEntropyLoss,1,100,2024-09-23-23-28-11,2e-05,0.6,0.6,0,0.5,0.3,2,1,0.3,0.4
80.0642,93.4982,80.4087,89.91,oos,ADB,bert,0.25,1.0,CrossEntropyLoss,1,100,2024-09-23-23-53-18,2e-05,0.6,0.6,0,0.5,0.3,2,1,0.3,0.5
79.7849,93.34100000000001,80.1325,89.7,oos,ADB,bert,0.25,1.0,CrossEntropyLoss,1,100,2024-09-24-00-14-30,2e-05,0.6,0.6,0,0.5,0.3,2,1,0.3,0.6
78.6951,92.9655,79.061,89.14,oos,ADB,bert,0.25,1.0,CrossEntropyLoss,1,100,2024-09-24-00-34-32,2e-05,0.6,0.6,0,0.5,0.3,2,1,0.3,0.7
78.9875,92.9295,79.345,89.11,oos,ADB,bert,0.25,1.0,CrossEntropyLoss,1,100,2024-09-24-00-49-05,2e-05,0.6,0.6,0,0.5,0.3,2,1,0.4,0.3
78.4955,92.7921,78.8621,88.91,oos,ADB,bert,0.25,1.0,CrossEntropyLoss,1,100,2024-09-24-01-03-55,2e-05,0.6,0.6,0,0.5,0.3,2,1,0.4,0.4
78.471,92.8111,78.8387,88.93,oos,ADB,bert,0.25,1.0,CrossEntropyLoss,1,100,2024-09-24-01-21-38,2e-05,0.6,0.6,0,0.5,0.3,2,1,0.4,0.5
79.8108,93.4904,80.1616,89.91,oos,ADB,bert,0.25,1.0,CrossEntropyLoss,1,100,2024-09-24-01-36-32,2e-05,0.6,0.6,0,0.5,0.3,2,1,0.4,0.6
79.1029,93.2155,79.4647,89.49,oos,ADB,bert,0.25,1.0,CrossEntropyLoss,1,100,2024-09-24-01-53-29,2e-05,0.6,0.6,0,0.5,0.3,2,1,0.4,0.7
78.564,92.9451,78.9327,89.09,oos,ADB,bert,0.25,1.0,CrossEntropyLoss,1,100,2024-09-24-02-17-43,2e-05,0.6,0.6,0,0.5,0.3,2,1,0.5,0.3
79.0702,92.9623,79.4264,89.16,oos,ADB,bert,0.25,1.0,CrossEntropyLoss,1,100,2024-09-24-02-36-32,2e-05,0.6,0.6,0,0.5,0.3,2,1,0.5,0.4
79.9228,93.5465,80.2721,89.98,oos,ADB,bert,0.25,1.0,CrossEntropyLoss,1,100,2024-09-24-02-53-40,2e-05,0.6,0.6,0,0.5,0.3,2,1,0.5,0.5
80.5909,94.0107,80.935,90.61,oos,ADB,bert,0.25,1.0,CrossEntropyLoss,1,100,2024-09-24-03-06-26,2e-05,0.6,0.6,0,0.5,0.3,2,1,0.5,0.6
79.7089,93.3486,80.0586,89.72,oos,ADB,bert,0.25,1.0,CrossEntropyLoss,1,100,2024-09-24-03-28-25,2e-05,0.6,0.6,0,0.5,0.3,2,1,0.5,0.7
77.7248,92.5473,78.1049,88.54,oos,ADB,bert,0.25,1.0,CrossEntropyLoss,1,100,2024-09-24-03-47-26,2e-05,0.6,0.6,0,0.5,0.3,2,1,0.6,0.3
79.631,93.2829,79.98100000000002,89.63,oos,ADB,bert,0.25,1.0,CrossEntropyLoss,1,100,2024-09-24-04-13-15,2e-05,0.6,0.6,0,0.5,0.3,2,1,0.6,0.4
79.71300000000002,93.3196,80.0619,89.68,oos,ADB,bert,0.25,1.0,CrossEntropyLoss,1,100,2024-09-24-04-28-39,2e-05,0.6,0.6,0,0.5,0.3,2,1,0.6,0.5
80.0185,93.6879,80.369,90.16,oos,ADB,bert,0.25,1.0,CrossEntropyLoss,1,100,2024-09-24-04-42-54,2e-05,0.6,0.6,0,0.5,0.3,2,1,0.6,0.6
79.7217,93.2646,80.069,89.61,oos,ADB,bert,0.25,1.0,CrossEntropyLoss,1,100,2024-09-24-04-57-37,2e-05,0.6,0.6,0,0.5,0.3,2,1,0.6,0.7
78.7196,92.7409,79.0791,88.86,oos,ADB,bert,0.25,1.0,CrossEntropyLoss,1,100,2024-09-24-05-18-14,2e-05,0.6,0.6,0,0.5,0.3,2,1,0.7,0.3
80.0204,93.4372,80.3645,89.84,oos,ADB,bert,0.25,1.0,CrossEntropyLoss,1,100,2024-09-24-05-34-26,2e-05,0.6,0.6,0,0.5,0.3,2,1,0.7,0.4
79.5738,93.2584,79.9247,89.56,oos,ADB,bert,0.25,1.0,CrossEntropyLoss,1,100,2024-09-24-05-56-47,2e-05,0.6,0.6,0,0.5,0.3,2,1,0.7,0.5
79.7899,93.2338,80.1346,89.56,oos,ADB,bert,0.25,1.0,CrossEntropyLoss,1,100,2024-09-24-06-19-24,2e-05,0.6,0.6,0,0.5,0.3,2,1,0.7,0.6
79.9189,93.5133,80.2675,89.95,oos,ADB,bert,0.25,1.0,CrossEntropyLoss,1,100,2024-09-24-06-37-35,2e-05,0.6,0.6,0,0.5,0.3,2,1,0.7,0.7
78.7826,92.9655,79.1463,89.14,oos,ADB,bert,0.25,1.0,CrossEntropyLoss,1,100,2024-09-24-06-51-44,2e-05,0.6,0.6,0,0.5,0.4,2,1,0.3,0.3
79.382,93.2415,79.7374,89.54,oos,ADB,bert,0.25,1.0,CrossEntropyLoss,1,100,2024-09-24-07-09-42,2e-05,0.6,0.6,0,0.5,0.4,2,1,0.3,0.4
77.6373,92.4746,78.0178,88.46,oos,ADB,bert,0.25,1.0,CrossEntropyLoss,1,100,2024-09-24-07-26-13,2e-05,0.6,0.6,0,0.5,0.4,2,1,0.3,0.5
79.4557,93.1743,79.8074,89.49,oos,ADB,bert,0.25,1.0,CrossEntropyLoss,1,100,2024-09-24-07-42-21,2e-05,0.6,0.6,0,0.5,0.4,2,1,0.3,0.6
76.8205,92.22399999999999,77.2154,88.04,oos,ADB,bert,0.25,1.0,CrossEntropyLoss,1,100,2024-09-24-08-06-49,2e-05,0.6,0.6,0,0.5,0.4,2,1,0.3,0.7
78.7588,92.9295,79.1221,89.14,oos,ADB,bert,0.25,1.0,CrossEntropyLoss,1,100,2024-09-24-08-23-24,2e-05,0.6,0.6,0,0.5,0.4,2,1,0.4,0.3
79.3767,93.1941,79.73100000000002,89.51,oos,ADB,bert,0.25,1.0,CrossEntropyLoss,1,100,2024-09-24-08-43-10,2e-05,0.6,0.6,0,0.5,0.4,2,1,0.4,0.4
78.7885,93.0505,79.1542,89.26,oos,ADB,bert,0.25,1.0,CrossEntropyLoss,1,100,2024-09-24-08-58-22,2e-05,0.6,0.6,0,0.5,0.4,2,1,0.4,0.5
78.8311,93.0548,79.1958,89.28,oos,ADB,bert,0.25,1.0,CrossEntropyLoss,1,100,2024-09-24-09-14-08,2e-05,0.6,0.6,0,0.5,0.4,2,1,0.4,0.6
80.1451,93.3685,80.4842,89.74,oos,ADB,bert,0.25,1.0,CrossEntropyLoss,1,100,2024-09-24-09-37-23,2e-05,0.6,0.6,0,0.5,0.4,2,1,0.4,0.7
79.3984,93.2476,79.7535,89.54,oos,ADB,bert,0.25,1.0,CrossEntropyLoss,1,100,2024-09-24-09-52-10,2e-05,0.6,0.6,0,0.5,0.4,2,1,0.5,0.3
79.6708,93.3303,80.021,89.7,oos,ADB,bert,0.25,1.0,CrossEntropyLoss,1,100,2024-09-24-10-10-55,2e-05,0.6,0.6,0,0.5,0.4,2,1,0.5,0.4
78.6147,92.9581,78.9825,89.12,oos,ADB,bert,0.25,1.0,CrossEntropyLoss,1,100,2024-09-24-10-29-06,2e-05,0.6,0.6,0,0.5,0.4,2,1,0.5,0.5
79.1252,93.067,79.4827,89.32,oos,ADB,bert,0.25,1.0,CrossEntropyLoss,1,100,2024-09-24-10-52-43,2e-05,0.6,0.6,0,0.5,0.4,2,1,0.5,0.6
80.3251,93.4693,80.6621,89.91,oos,ADB,bert,0.25,1.0,CrossEntropyLoss,1,100,2024-09-24-11-11-06,2e-05,0.6,0.6,0,0.5,0.4,2,1,0.5,0.7
78.9604,93.0008,79.3204,89.21,oos,ADB,bert,0.25,1.0,CrossEntropyLoss,1,100,2024-09-24-11-26-39,2e-05,0.6,0.6,0,0.5,0.4,2,1,0.6,0.3
79.5342,93.3822,79.8892,89.72,oos,ADB,bert,0.25,1.0,CrossEntropyLoss,1,100,2024-09-24-11-40-48,2e-05,0.6,0.6,0,0.5,0.4,2,1,0.6,0.4
79.384,93.2262,79.7389,89.51,oos,ADB,bert,0.25,1.0,CrossEntropyLoss,1,100,2024-09-24-11-57-03,2e-05,0.6,0.6,0,0.5,0.4,2,1,0.6,0.5
78.6248,92.9555,78.9923,89.12,oos,ADB,bert,0.25,1.0,CrossEntropyLoss,1,100,2024-09-24-12-12-06,2e-05,0.6,0.6,0,0.5,0.4,2,1,0.6,0.6
80.4198,93.6414,80.7588,90.11,oos,ADB,bert,0.25,1.0,CrossEntropyLoss,1,100,2024-09-24-12-27-23,2e-05,0.6,0.6,0,0.5,0.4,2,1,0.6,0.7
79.3666,93.1387,79.7197,89.4,oos,ADB,bert,0.25,1.0,CrossEntropyLoss,1,100,2024-09-24-12-44-50,2e-05,0.6,0.6,0,0.5,0.4,2,1,0.7,0.3
78.8493,93.1161,79.2151,89.32,oos,ADB,bert,0.25,1.0,CrossEntropyLoss,1,100,2024-09-24-12-59-28,2e-05,0.6,0.6,0,0.5,0.4,2,1,0.7,0.4
78.2272,92.8267,78.6016,88.93,oos,ADB,bert,0.25,1.0,CrossEntropyLoss,1,100,2024-09-24-13-18-29,2e-05,0.6,0.6,0,0.5,0.4,2,1,0.7,0.5
79.7936,93.5038,80.1452,89.91,oos,ADB,bert,0.25,1.0,CrossEntropyLoss,1,100,2024-09-24-13-33-07,2e-05,0.6,0.6,0,0.5,0.4,2,1,0.7,0.6
80.3595,93.6744,80.7009,90.18,oos,ADB,bert,0.25,1.0,CrossEntropyLoss,1,100,2024-09-24-13-57-20,2e-05,0.6,0.6,0,0.5,0.4,2,1,0.7,0.7
79.1606,92.9788,79.5149,89.19,oos,ADB,bert,0.25,1.0,CrossEntropyLoss,1,100,2024-09-24-14-15-55,2e-05,0.6,0.6,0,0.5,0.5,2,1,0.3,0.3
78.7197,92.9607,79.0849,89.14,oos,ADB,bert,0.25,1.0,CrossEntropyLoss,1,100,2024-09-24-14-37-28,2e-05,0.6,0.6,0,0.5,0.5,2,1,0.3,0.4
78.5976,92.9788,78.9663,89.14,oos,ADB,bert,0.25,1.0,CrossEntropyLoss,1,100,2024-09-24-14-53-05,2e-05,0.6,0.6,0,0.5,0.5,2,1,0.3,0.5
79.4654,93.3074,79.8203,89.63,oos,ADB,bert,0.25,1.0,CrossEntropyLoss,1,100,2024-09-24-15-12-40,2e-05,0.6,0.6,0,0.5,0.5,2,1,0.3,0.6
80.0953,93.483,80.4386,89.91,oos,ADB,bert,0.25,1.0,CrossEntropyLoss,1,100,2024-09-24-15-36-51,2e-05,0.6,0.6,0,0.5,0.5,2,1,0.3,0.7
78.1239,92.8448,78.5014,88.95,oos,ADB,bert,0.25,1.0,CrossEntropyLoss,1,100,2024-09-24-15-53-02,2e-05,0.6,0.6,0,0.5,0.5,2,1,0.4,0.3
78.3975,92.8144,78.7671,88.93,oos,ADB,bert,0.25,1.0,CrossEntropyLoss,1,100,2024-09-24-16-14-56,2e-05,0.6,0.6,0,0.5,0.5,2,1,0.4,0.4
79.6214,93.3593,79.9736,89.72,oos,ADB,bert,0.25,1.0,CrossEntropyLoss,1,100,2024-09-24-16-31-12,2e-05,0.6,0.6,0,0.5,0.5,2,1,0.4,0.5
78.6232,92.9885,78.9916,89.16,oos,ADB,bert,0.25,1.0,CrossEntropyLoss,1,100,2024-09-24-16-50-33,2e-05,0.6,0.6,0,0.5,0.5,2,1,0.4,0.6
79.9818,93.6117,80.3313,90.05,oos,ADB,bert,0.25,1.0,CrossEntropyLoss,1,100,2024-09-24-17-04-56,2e-05,0.6,0.6,0,0.5,0.5,2,1,0.4,0.7
79.6024,93.2522,79.9524,89.56,oos,ADB,bert,0.25,1.0,CrossEntropyLoss,1,100,2024-09-24-17-20-51,2e-05,0.6,0.6,0,0.5,0.5,2,1,0.5,0.3
79.572,93.3074,79.9241,89.63,oos,ADB,bert,0.25,1.0,CrossEntropyLoss,1,100,2024-09-24-17-34-52,2e-05,0.6,0.6,0,0.5,0.5,2,1,0.5,0.4
79.0256,93.0991,79.3865,89.32,oos,ADB,bert,0.25,1.0,CrossEntropyLoss,1,100,2024-09-24-17-49-07,2e-05,0.6,0.6,0,0.5,0.5,2,1,0.5,0.5
78.3991,92.8908,78.7707,89.04,oos,ADB,bert,0.25,1.0,CrossEntropyLoss,1,100,2024-09-24-18-03-05,2e-05,0.6,0.6,0,0.5,0.5,2,1,0.5,0.6
80.1735,93.6345,80.5187,90.12,oos,ADB,bert,0.25,1.0,CrossEntropyLoss,1,100,2024-09-24-18-23-18,2e-05,0.6,0.6,0,0.5,0.5,2,1,0.5,0.7
78.8709,93.0361,79.2341,89.23,oos,ADB,bert,0.25,1.0,CrossEntropyLoss,1,100,2024-09-24-18-39-05,2e-05,0.6,0.6,0,0.5,0.5,2,1,0.6,0.3
76.1046,91.9657,76.5113,87.68,oos,ADB,bert,0.25,1.0,CrossEntropyLoss,1,100,2024-09-24-18-50-12,2e-05,0.6,0.6,0,0.5,0.5,2,1,0.6,0.4
80.5193,93.7279,80.858,90.25,oos,ADB,bert,0.25,1.0,CrossEntropyLoss,1,100,2024-09-24-19-06-44,2e-05,0.6,0.6,0,0.5,0.5,2,1,0.6,0.5
80.4153,93.7514,80.7572,90.26,oos,ADB,bert,0.25,1.0,CrossEntropyLoss,1,100,2024-09-24-19-24-18,2e-05,0.6,0.6,0,0.5,0.5,2,1,0.6,0.6
80.0179,93.4842,80.3632,89.91,oos,ADB,bert,0.25,1.0,CrossEntropyLoss,1,100,2024-09-24-19-37-05,2e-05,0.6,0.6,0,0.5,0.5,2,1,0.6,0.7
78.5216,92.844,78.8888,88.98,oos,ADB,bert,0.25,1.0,CrossEntropyLoss,1,100,2024-09-24-19-54-04,2e-05,0.6,0.6,0,0.5,0.5,2,1,0.7,0.3
80.4001,93.5941,80.7384,90.09,oos,ADB,bert,0.25,1.0,CrossEntropyLoss,1,100,2024-09-24-20-13-11,2e-05,0.6,0.6,0,0.5,0.5,2,1,0.7,0.4
79.9461,93.5893,80.2959,90.04,oos,ADB,bert,0.25,1.0,CrossEntropyLoss,1,100,2024-09-24-20-30-54,2e-05,0.6,0.6,0,0.5,0.5,2,1,0.7,0.5
79.9721,93.6025,80.3216,90.04,oos,ADB,bert,0.25,1.0,CrossEntropyLoss,1,100,2024-09-24-20-50-39,2e-05,0.6,0.6,0,0.5,0.5,2,1,0.7,0.6
79.4882,93.4263,79.8456,89.79,oos,ADB,bert,0.25,1.0,CrossEntropyLoss,1,100,2024-09-24-21-04-41,2e-05,0.6,0.6,0,0.5,0.5,2,1,0.7,0.7
80.1012,93.83,80.4533,90.32,oos,ADB,bert,0.25,1.0,CrossEntropyLoss,2,100,2024-09-24-21-26-07,2e-05,0.6,0.6,0,0.5,0.3,2,1,0.3,0.3
81.8637,94.503,82.1878,91.39,oos,ADB,bert,0.25,1.0,CrossEntropyLoss,2,100,2024-09-24-21-43-02,2e-05,0.6,0.6,0,0.5,0.3,2,1,0.3,0.4
80.8512,93.9037,81.1858,90.49,oos,ADB,bert,0.25,1.0,CrossEntropyLoss,2,100,2024-09-24-21-57-17,2e-05,0.6,0.6,0,0.5,0.3,2,1,0.3,0.5
82.1844,94.3749,82.4969,91.23,oos,ADB,bert,0.25,1.0,CrossEntropyLoss,2,100,2024-09-24-22-14-00,2e-05,0.6,0.6,0,0.5,0.3,2,1,0.3,0.6
80.9314,94.0194,81.267,90.65,oos,ADB,bert,0.25,1.0,CrossEntropyLoss,2,100,2024-09-24-22-32-35,2e-05,0.6,0.6,0,0.5,0.3,2,1,0.3,0.7
80.9251,93.9117,81.2581,90.49,oos,ADB,bert,0.25,1.0,CrossEntropyLoss,2,100,2024-09-24-22-48-23,2e-05,0.6,0.6,0,0.5,0.3,2,1,0.4,0.3
81.0353,94.0828,81.3698,90.74,oos,ADB,bert,0.25,1.0,CrossEntropyLoss,2,100,2024-09-24-23-07-26,2e-05,0.6,0.6,0,0.5,0.3,2,1,0.4,0.4
80.9447,94.0385,81.2804,90.68,oos,ADB,bert,0.25,1.0,CrossEntropyLoss,2,100,2024-09-24-23-23-10,2e-05,0.6,0.6,0,0.5,0.3,2,1,0.4,0.5
81.6258,94.3478,81.95200000000001,91.12,oos,ADB,bert,0.25,1.0,CrossEntropyLoss,2,100,2024-09-24-23-46-44,2e-05,0.6,0.6,0,0.5,0.3,2,1,0.4,0.6
80.9081,94.1511,81.2476,90.84,oos,ADB,bert,0.25,1.0,CrossEntropyLoss,2,100,2024-09-25-00-01-15,2e-05,0.6,0.6,0,0.5,0.3,2,1,0.4,0.7
80.6843,93.9349,81.0241,90.49,oos,ADB,bert,0.25,1.0,CrossEntropyLoss,2,100,2024-09-25-00-17-30,2e-05,0.6,0.6,0,0.5,0.3,2,1,0.5,0.3
81.4837,94.193,81.8096,90.89,oos,ADB,bert,0.25,1.0,CrossEntropyLoss,2,100,2024-09-25-00-33-41,2e-05,0.6,0.6,0,0.5,0.3,2,1,0.5,0.4
81.1976,94.0036,81.5259,90.68,oos,ADB,bert,0.25,1.0,CrossEntropyLoss,2,100,2024-09-25-00-52-07,2e-05,0.6,0.6,0,0.5,0.3,2,1,0.5,0.5
81.8401,94.4993,82.1647,91.37,oos,ADB,bert,0.25,1.0,CrossEntropyLoss,2,100,2024-09-25-01-07-38,2e-05,0.6,0.6,0,0.5,0.3,2,1,0.5,0.6
81.7054,94.3795,82.0303,91.21,oos,ADB,bert,0.25,1.0,CrossEntropyLoss,2,100,2024-09-25-01-24-57,2e-05,0.6,0.6,0,0.5,0.3,2,1,0.5,0.7
80.3629,93.8864,80.7096,90.39,oos,ADB,bert,0.25,1.0,CrossEntropyLoss,2,100,2024-09-25-01-40-29,2e-05,0.6,0.6,0,0.5,0.3,2,1,0.6,0.3
81.1408,93.9602,81.4695,90.6,oos,ADB,bert,0.25,1.0,CrossEntropyLoss,2,100,2024-09-25-02-00-30,2e-05,0.6,0.6,0,0.5,0.3,2,1,0.6,0.4
78.8612,93.1145,79.2266,89.32,oos,ADB,bert,0.25,1.0,CrossEntropyLoss,2,100,2024-09-25-02-14-00,2e-05,0.6,0.6,0,0.5,0.3,2,1,0.6,0.5
81.8096,94.3889,82.1321,91.21,oos,ADB,bert,0.25,1.0,CrossEntropyLoss,2,100,2024-09-25-02-30-22,2e-05,0.6,0.6,0,0.5,0.3,2,1,0.6,0.6
82.1362,94.6188,82.4563,91.56,oos,ADB,bert,0.25,1.0,CrossEntropyLoss,2,100,2024-09-25-02-45-34,2e-05,0.6,0.6,0,0.5,0.3,2,1,0.6,0.7
80.7904,93.9726,81.1284,90.58,oos,ADB,bert,0.25,1.0,CrossEntropyLoss,2,100,2024-09-25-03-02-31,2e-05,0.6,0.6,0,0.5,0.3,2,1,0.7,0.3
80.1999,93.6384,80.5445,90.09,oos,ADB,bert,0.25,1.0,CrossEntropyLoss,2,100,2024-09-25-03-20-22,2e-05,0.6,0.6,0,0.5,0.3,2,1,0.7,0.4
80.7768,94.0358,81.1168,90.68,oos,ADB,bert,0.25,1.0,CrossEntropyLoss,2,100,2024-09-25-03-33-56,2e-05,0.6,0.6,0,0.5,0.3,2,1,0.7,0.5
77.999,93.0233,78.3842,89.07,oos,ADB,bert,0.25,1.0,CrossEntropyLoss,2,100,2024-09-25-03-46-07,2e-05,0.6,0.6,0,0.5,0.3,2,1,0.7,0.6
81.5348,94.3199,81.8626,91.09,oos,ADB,bert,0.25,1.0,CrossEntropyLoss,2,100,2024-09-25-04-02-45,2e-05,0.6,0.6,0,0.5,0.3,2,1,0.7,0.7
81.4323,94.1847,81.7593,90.91,oos,ADB,bert,0.25,1.0,CrossEntropyLoss,2,100,2024-09-25-04-18-15,2e-05,0.6,0.6,0,0.5,0.4,2,1,0.3,0.3
80.9824,94.0558,81.3176,90.7,oos,ADB,bert,0.25,1.0,CrossEntropyLoss,2,100,2024-09-25-04-47-34,2e-05,0.6,0.6,0,0.5,0.4,2,1,0.3,0.4
82.0111,94.4438,82.3298,91.32,oos,ADB,bert,0.25,1.0,CrossEntropyLoss,2,100,2024-09-25-05-01-06,2e-05,0.6,0.6,0,0.5,0.4,2,1,0.3,0.5
80.0601,93.65700000000001,80.4088,90.12,oos,ADB,bert,0.25,1.0,CrossEntropyLoss,2,100,2024-09-25-05-16-56,2e-05,0.6,0.6,0,0.5,0.4,2,1,0.3,0.6
83.0561,94.8321,83.3581,91.91,oos,ADB,bert,0.25,1.0,CrossEntropyLoss,2,100,2024-09-25-05-33-06,2e-05,0.6,0.6,0,0.5,0.4,2,1,0.3,0.7
80.88600000000002,93.9023,81.2197,90.51,oos,ADB,bert,0.25,1.0,CrossEntropyLoss,2,100,2024-09-25-05-51-15,2e-05,0.6,0.6,0,0.5,0.4,2,1,0.4,0.3
80.8067,93.966,81.1441,90.58,oos,ADB,bert,0.25,1.0,CrossEntropyLoss,2,100,2024-09-25-06-05-15,2e-05,0.6,0.6,0,0.5,0.4,2,1,0.4,0.4
81.3677,94.1069,81.6943,90.82,oos,ADB,bert,0.25,1.0,CrossEntropyLoss,2,100,2024-09-25-06-30-48,2e-05,0.6,0.6,0,0.5,0.4,2,1,0.4,0.5
81.6482,94.316,81.973,91.09,oos,ADB,bert,0.25,1.0,CrossEntropyLoss,2,100,2024-09-25-06-46-26,2e-05,0.6,0.6,0,0.5,0.4,2,1,0.4,0.6
81.9204,94.4968,82.2429,91.35,oos,ADB,bert,0.25,1.0,CrossEntropyLoss,2,100,2024-09-25-07-10-39,2e-05,0.6,0.6,0,0.5,0.4,2,1,0.4,0.7
79.8063,93.6662,80.1616,90.09,oos,ADB,bert,0.25,1.0,CrossEntropyLoss,2,100,2024-09-25-07-28-52,2e-05,0.6,0.6,0,0.5,0.4,2,1,0.5,0.3
81.5841,94.2558,81.9091,90.96,oos,ADB,bert,0.25,1.0,CrossEntropyLoss,2,100,2024-09-25-07-44-34,2e-05,0.6,0.6,0,0.5,0.4,2,1,0.5,0.4
81.0395,94.1592,81.3759,90.86,oos,ADB,bert,0.25,1.0,CrossEntropyLoss,2,100,2024-09-25-08-00-34,2e-05,0.6,0.6,0,0.5,0.4,2,1,0.5,0.5
81.6149,94.51,81.9456,91.33,oos,ADB,bert,0.25,1.0,CrossEntropyLoss,2,100,2024-09-25-08-17-29,2e-05,0.6,0.6,0,0.5,0.4,2,1,0.5,0.6
81.6401,94.3396,81.9658,91.16,oos,ADB,bert,0.25,1.0,CrossEntropyLoss,2,100,2024-09-25-08-37-13,2e-05,0.6,0.6,0,0.5,0.4,2,1,0.5,0.7
80.6367,93.9242,80.9774,90.51,oos,ADB,bert,0.25,1.0,CrossEntropyLoss,2,100,2024-09-25-08-55-06,2e-05,0.6,0.6,0,0.5,0.4,2,1,0.6,0.3
80.565,94.029,80.9103,90.6,oos,ADB,bert,0.25,1.0,CrossEntropyLoss,2,100,2024-09-25-09-16-38,2e-05,0.6,0.6,0,0.5,0.4,2,1,0.6,0.4
81.7094,94.38,82.0343,91.16,oos,ADB,bert,0.25,1.0,CrossEntropyLoss,2,100,2024-09-25-09-37-17,2e-05,0.6,0.6,0,0.5,0.4,2,1,0.6,0.5
82.0133,94.3039,82.3284,91.05,oos,ADB,bert,0.25,1.0,CrossEntropyLoss,2,100,2024-09-25-10-03-21,2e-05,0.6,0.6,0,0.5,0.4,2,1,0.6,0.6
81.7929,94.2984,82.1136,91.11,oos,ADB,bert,0.25,1.0,CrossEntropyLoss,2,100,2024-09-25-10-17-24,2e-05,0.6,0.6,0,0.5,0.4,2,1,0.6,0.7
78.609,92.9714,78.9773,89.09,oos,ADB,bert,0.25,1.0,CrossEntropyLoss,2,100,2024-09-25-10-34-15,2e-05,0.6,0.6,0,0.5,0.4,2,1,0.7,0.3
81.1771,94.1002,81.5085,90.77,oos,ADB,bert,0.25,1.0,CrossEntropyLoss,2,100,2024-09-25-10-51-54,2e-05,0.6,0.6,0,0.5,0.4,2,1,0.7,0.4
82.4678,94.5992,82.7789,91.53,oos,ADB,bert,0.25,1.0,CrossEntropyLoss,2,100,2024-09-25-11-10-55,2e-05,0.6,0.6,0,0.5,0.4,2,1,0.7,0.5
80.1139,93.725,80.4629,90.19,oos,ADB,bert,0.25,1.0,CrossEntropyLoss,2,100,2024-09-25-11-24-31,2e-05,0.6,0.6,0,0.5,0.4,2,1,0.7,0.6
82.0973,94.4741,82.4146,91.32,oos,ADB,bert,0.25,1.0,CrossEntropyLoss,2,100,2024-09-25-11-43-37,2e-05,0.6,0.6,0,0.5,0.4,2,1,0.7,0.7
82.4119,94.5921,82.7242,91.51,oos,ADB,bert,0.25,1.0,CrossEntropyLoss,2,100,2024-09-25-11-57-58,2e-05,0.6,0.6,0,0.5,0.5,2,1,0.3,0.3
79.8604,93.7479,80.2165,90.21,oos,ADB,bert,0.25,1.0,CrossEntropyLoss,2,100,2024-09-25-12-17-04,2e-05,0.6,0.6,0,0.5,0.5,2,1,0.3,0.4
80.7127,93.9377,81.0518,90.54,oos,ADB,bert,0.25,1.0,CrossEntropyLoss,2,100,2024-09-25-12-31-56,2e-05,0.6,0.6,0,0.5,0.5,2,1,0.3,0.5
82.3127,94.738,82.6313,91.72,oos,ADB,bert,0.25,1.0,CrossEntropyLoss,2,100,2024-09-25-12-48-26,2e-05,0.6,0.6,0,0.5,0.5,2,1,0.3,0.6
81.9421,94.4596,82.2631,91.32,oos,ADB,bert,0.25,1.0,CrossEntropyLoss,2,100,2024-09-25-13-07-54,2e-05,0.6,0.6,0,0.5,0.5,2,1,0.3,0.7
80.8025,93.9698,81.1401,90.54,oos,ADB,bert,0.25,1.0,CrossEntropyLoss,2,100,2024-09-25-13-22-50,2e-05,0.6,0.6,0,0.5,0.5,2,1,0.4,0.3
81.21,94.115,81.5409,90.81,oos,ADB,bert,0.25,1.0,CrossEntropyLoss,2,100,2024-09-25-13-41-08,2e-05,0.6,0.6,0,0.5,0.5,2,1,0.4,0.4
80.2914,93.8342,80.6387,90.3,oos,ADB,bert,0.25,1.0,CrossEntropyLoss,2,100,2024-09-25-14-01-51,2e-05,0.6,0.6,0,0.5,0.5,2,1,0.4,0.5
82.5687,94.6473,82.8784,91.61,oos,ADB,bert,0.25,1.0,CrossEntropyLoss,2,100,2024-09-25-14-17-16,2e-05,0.6,0.6,0,0.5,0.5,2,1,0.4,0.6
82.1982,94.694,82.5186,91.65,oos,ADB,bert,0.25,1.0,CrossEntropyLoss,2,100,2024-09-25-14-36-33,2e-05,0.6,0.6,0,0.5,0.5,2,1,0.4,0.7
82.277,94.4444,82.589,91.33,oos,ADB,bert,0.25,1.0,CrossEntropyLoss,2,100,2024-09-25-14-53-20,2e-05,0.6,0.6,0,0.5,0.5,2,1,0.5,0.3
81.653,94.3813,81.9794,91.16,oos,ADB,bert,0.25,1.0,CrossEntropyLoss,2,100,2024-09-25-15-10-27,2e-05,0.6,0.6,0,0.5,0.5,2,1,0.5,0.4
81.4482,94.4293,81.7811,91.23,oos,ADB,bert,0.25,1.0,CrossEntropyLoss,2,100,2024-09-25-15-33-13,2e-05,0.6,0.6,0,0.5,0.5,2,1,0.5,0.5
82.4924,94.6259,82.8035,91.58,oos,ADB,bert,0.25,1.0,CrossEntropyLoss,2,100,2024-09-25-15-54-32,2e-05,0.6,0.6,0,0.5,0.5,2,1,0.5,0.6
81.7904,94.3036,82.1112,91.12,oos,ADB,bert,0.25,1.0,CrossEntropyLoss,2,100,2024-09-25-16-08-31,2e-05,0.6,0.6,0,0.5,0.5,2,1,0.5,0.7
81.7962,94.3628,82.1184,91.16,oos,ADB,bert,0.25,1.0,CrossEntropyLoss,2,100,2024-09-25-16-29-38,2e-05,0.6,0.6,0,0.5,0.5,2,1,0.6,0.3
81.5887,94.2075,81.9123,90.96,oos,ADB,bert,0.25,1.0,CrossEntropyLoss,2,100,2024-09-25-16-49-36,2e-05,0.6,0.6,0,0.5,0.5,2,1,0.6,0.4
82.1344,94.4962,82.4513,91.4,oos,ADB,bert,0.25,1.0,CrossEntropyLoss,2,100,2024-09-25-17-05-42,2e-05,0.6,0.6,0,0.5,0.5,2,1,0.6,0.5
81.7976,94.6178,82.1264,91.49,oos,ADB,bert,0.25,1.0,CrossEntropyLoss,2,100,2024-09-25-17-19-28,2e-05,0.6,0.6,0,0.5,0.5,2,1,0.6,0.6
82.0989,94.3984,82.4142,91.25,oos,ADB,bert,0.25,1.0,CrossEntropyLoss,2,100,2024-09-25-17-37-57,2e-05,0.6,0.6,0,0.5,0.5,2,1,0.6,0.7
80.9183,93.9888,81.2534,90.65,oos,ADB,bert,0.25,1.0,CrossEntropyLoss,2,100,2024-09-25-17-58-16,2e-05,0.6,0.6,0,0.5,0.5,2,1,0.7,0.3
80.9607,94.1834,81.2998,90.82,oos,ADB,bert,0.25,1.0,CrossEntropyLoss,2,100,2024-09-25-18-14-57,2e-05,0.6,0.6,0,0.5,0.5,2,1,0.7,0.4
80.9484,94.0224,81.2836,90.65,oos,ADB,bert,0.25,1.0,CrossEntropyLoss,2,100,2024-09-25-18-31-27,2e-05,0.6,0.6,0,0.5,0.5,2,1,0.7,0.5
81.4335,94.2597,81.7624,91.0,oos,ADB,bert,0.25,1.0,CrossEntropyLoss,2,100,2024-09-25-18-45-46,2e-05,0.6,0.6,0,0.5,0.5,2,1,0.7,0.6
79.9642,93.9339,80.3224,90.42,oos,ADB,bert,0.25,1.0,CrossEntropyLoss,2,100,2024-09-25-19-02-07,2e-05,0.6,0.6,0,0.5,0.5,2,1,0.7,0.7
74.5676,89.5576,74.952,84.58,oos,ADB,bert,0.25,1.0,CrossEntropyLoss,3,100,2024-09-25-19-19-07,2e-05,0.6,0.6,0,0.5,0.3,2,1,0.3,0.3
71.1122,87.397,71.5297,81.67,oos,ADB,bert,0.25,1.0,CrossEntropyLoss,3,100,2024-09-25-19-31-52,2e-05,0.6,0.6,0,0.5,0.3,2,1,0.3,0.4
74.1777,89.2121,74.5632,84.09,oos,ADB,bert,0.25,1.0,CrossEntropyLoss,3,100,2024-09-25-19-47-47,2e-05,0.6,0.6,0,0.5,0.3,2,1,0.3,0.5
73.6977,88.9526,74.0889,83.72,oos,ADB,bert,0.25,1.0,CrossEntropyLoss,3,100,2024-09-25-20-03-49,2e-05,0.6,0.6,0,0.5,0.3,2,1,0.3,0.6
74.165,89.2546,74.5519,84.14,oos,ADB,bert,0.25,1.0,CrossEntropyLoss,3,100,2024-09-25-20-16-08,2e-05,0.6,0.6,0,0.5,0.3,2,1,0.3,0.7
72.8598,88.0694,73.2498,82.58,oos,ADB,bert,0.25,1.0,CrossEntropyLoss,3,100,2024-09-25-20-39-09,2e-05,0.6,0.6,0,0.5,0.3,2,1,0.4,0.3
72.6091,88.1894,73.0086,82.68,oos,ADB,bert,0.25,1.0,CrossEntropyLoss,3,100,2024-09-25-20-54-23,2e-05,0.6,0.6,0,0.5,0.3,2,1,0.4,0.4
73.6705,88.9366,74.0619,83.68,oos,ADB,bert,0.25,1.0,CrossEntropyLoss,3,100,2024-09-25-21-09-09,2e-05,0.6,0.6,0,0.5,0.3,2,1,0.4,0.5
74.5462,89.6822,74.9343,84.68,oos,ADB,bert,0.25,1.0,CrossEntropyLoss,3,100,2024-09-25-21-25-32,2e-05,0.6,0.6,0,0.5,0.3,2,1,0.4,0.6
73.9942,89.1486,74.3827,84.0,oos,ADB,bert,0.25,1.0,CrossEntropyLoss,3,100,2024-09-25-21-41-56,2e-05,0.6,0.6,0,0.5,0.3,2,1,0.4,0.7
72.9107,88.3548,73.3067,82.93,oos,ADB,bert,0.25,1.0,CrossEntropyLoss,3,100,2024-09-25-21-56-14,2e-05,0.6,0.6,0,0.5,0.3,2,1,0.5,0.3
74.2762,89.2014,74.6589,84.07,oos,ADB,bert,0.25,1.0,CrossEntropyLoss,3,100,2024-09-25-22-16-37,2e-05,0.6,0.6,0,0.5,0.3,2,1,0.5,0.4
75.2305,90.0992,75.6118,85.26,oos,ADB,bert,0.25,1.0,CrossEntropyLoss,3,100,2024-09-25-22-30-20,2e-05,0.6,0.6,0,0.5,0.3,2,1,0.5,0.5
74.9444,89.3394,75.3135,84.3,oos,ADB,bert,0.25,1.0,CrossEntropyLoss,3,100,2024-09-25-22-44-30,2e-05,0.6,0.6,0,0.5,0.3,2,1,0.5,0.6
75.0369,89.6306,75.4111,84.67,oos,ADB,bert,0.25,1.0,CrossEntropyLoss,3,100,2024-09-25-22-59-20,2e-05,0.6,0.6,0,0.5,0.3,2,1,0.5,0.7
73.6043,88.8463,73.9951,83.6,oos,ADB,bert,0.25,1.0,CrossEntropyLoss,3,100,2024-09-25-23-14-02,2e-05,0.6,0.6,0,0.5,0.3,2,1,0.6,0.3
71.2854,87.7561,71.7078,82.05,oos,ADB,bert,0.25,1.0,CrossEntropyLoss,3,100,2024-09-25-23-26-37,2e-05,0.6,0.6,0,0.5,0.3,2,1,0.6,0.4
73.6161,88.8198,74.006,83.54,oos,ADB,bert,0.25,1.0,CrossEntropyLoss,3,100,2024-09-25-23-40-23,2e-05,0.6,0.6,0,0.5,0.3,2,1,0.6,0.5
73.2669,88.4542,73.6564,83.09,oos,ADB,bert,0.25,1.0,CrossEntropyLoss,3,100,2024-09-25-23-55-41,2e-05,0.6,0.6,0,0.5,0.3,2,1,0.6,0.6
73.7786,89.0692,74.1707,83.88,oos,ADB,bert,0.25,1.0,CrossEntropyLoss,3,100,2024-09-26-00-11-59,2e-05,0.6,0.6,0,0.5,0.3,2,1,0.6,0.7
73.5407,88.7023,73.9295,83.42,oos,ADB,bert,0.25,1.0,CrossEntropyLoss,3,100,2024-09-26-00-28-31,2e-05,0.6,0.6,0,0.5,0.3,2,1,0.7,0.3
74.0137,88.8596,74.3943,83.65,oos,ADB,bert,0.25,1.0,CrossEntropyLoss,3,100,2024-09-26-00-52-58,2e-05,0.6,0.6,0,0.5,0.3,2,1,0.7,0.4
73.6491,88.7294,74.0358,83.42,oos,ADB,bert,0.25,1.0,CrossEntropyLoss,3,100,2024-09-26-01-09-57,2e-05,0.6,0.6,0,0.5,0.3,2,1,0.7,0.5
73.9004,89.2146,74.2931,84.05,oos,ADB,bert,0.25,1.0,CrossEntropyLoss,3,100,2024-09-26-01-22-32,2e-05,0.6,0.6,0,0.5,0.3,2,1,0.7,0.6
74.727,89.5551,75.1072,84.56,oos,ADB,bert,0.25,1.0,CrossEntropyLoss,3,100,2024-09-26-01-41-02,2e-05,0.6,0.6,0,0.5,0.3,2,1,0.7,0.7
72.7256,88.2169,73.1228,82.77,oos,ADB,bert,0.25,1.0,CrossEntropyLoss,3,100,2024-09-26-01-57-51,2e-05,0.6,0.6,0,0.5,0.4,2,1,0.3,0.3
73.7695,89.2201,74.1656,84.07,oos,ADB,bert,0.25,1.0,CrossEntropyLoss,3,100,2024-09-26-02-13-47,2e-05,0.6,0.6,0,0.5,0.4,2,1,0.3,0.4
74.3244,89.3728,74.7103,84.28,oos,ADB,bert,0.25,1.0,CrossEntropyLoss,3,100,2024-09-26-02-30-03,2e-05,0.6,0.6,0,0.5,0.4,2,1,0.3,0.5
74.3842,89.4574,74.7707,84.4,oos,ADB,bert,0.25,1.0,CrossEntropyLoss,3,100,2024-09-26-02-57-47,2e-05,0.6,0.6,0,0.5,0.4,2,1,0.3,0.6
72.2793,88.2543,72.6889,82.75,oos,ADB,bert,0.25,1.0,CrossEntropyLoss,3,100,2024-09-26-03-11-06,2e-05,0.6,0.6,0,0.5,0.4,2,1,0.3,0.7
73.4913,88.5958,73.8786,83.26,oos,ADB,bert,0.25,1.0,CrossEntropyLoss,3,100,2024-09-26-03-26-36,2e-05,0.6,0.6,0,0.5,0.4,2,1,0.4,0.3
72.7509,88.3419,73.1506,82.88,oos,ADB,bert,0.25,1.0,CrossEntropyLoss,3,100,2024-09-26-03-51-09,2e-05,0.6,0.6,0,0.5,0.4,2,1,0.4,0.4
73.862,88.934,74.2485,83.72,oos,ADB,bert,0.25,1.0,CrossEntropyLoss,3,100,2024-09-26-04-09-39,2e-05,0.6,0.6,0,0.5,0.4,2,1,0.4,0.5
75.128,90.0083,75.5096,85.14,oos,ADB,bert,0.25,1.0,CrossEntropyLoss,3,100,2024-09-26-04-23-42,2e-05,0.6,0.6,0,0.5,0.4,2,1,0.4,0.6
74.5143,89.6388,74.9021,84.63,oos,ADB,bert,0.25,1.0,CrossEntropyLoss,3,100,2024-09-26-04-36-36,2e-05,0.6,0.6,0,0.5,0.4,2,1,0.4,0.7
72.8563,88.352,73.2537,82.95,oos,ADB,bert,0.25,1.0,CrossEntropyLoss,3,100,2024-09-26-04-52-54,2e-05,0.6,0.6,0,0.5,0.4,2,1,0.5,0.3
73.5019,88.7425,73.8927,83.44,oos,ADB,bert,0.25,1.0,CrossEntropyLoss,3,100,2024-09-26-05-06-17,2e-05,0.6,0.6,0,0.5,0.4,2,1,0.5,0.4
73.17,88.3039,73.5581,82.86,oos,ADB,bert,0.25,1.0,CrossEntropyLoss,3,100,2024-09-26-05-18-40,2e-05,0.6,0.6,0,0.5,0.4,2,1,0.5,0.5
73.9058,89.0321,74.2937,83.82,oos,ADB,bert,0.25,1.0,CrossEntropyLoss,3,100,2024-09-26-05-47-04,2e-05,0.6,0.6,0,0.5,0.4,2,1,0.5,0.6
73.72800000000002,88.9367,74.1179,83.72,oos,ADB,bert,0.25,1.0,CrossEntropyLoss,3,100,2024-09-26-06-00-20,2e-05,0.6,0.6,0,0.5,0.4,2,1,0.5,0.7
71.9458,88.2608,72.3642,82.74,oos,ADB,bert,0.25,1.0,CrossEntropyLoss,3,100,2024-09-26-06-17-58,2e-05,0.6,0.6,0,0.5,0.4,2,1,0.6,0.3
74.2014,89.0005,74.5808,83.82,oos,ADB,bert,0.25,1.0,CrossEntropyLoss,3,100,2024-09-26-06-32-51,2e-05,0.6,0.6,0,0.5,0.4,2,1,0.6,0.4
72.688,88.25299999999999,73.0871,82.79,oos,ADB,bert,0.25,1.0,CrossEntropyLoss,3,100,2024-09-26-06-50-35,2e-05,0.6,0.6,0,0.5,0.4,2,1,0.6,0.5
74.9634,89.764,75.3429,84.82,oos,ADB,bert,0.25,1.0,CrossEntropyLoss,3,100,2024-09-26-07-11-38,2e-05,0.6,0.6,0,0.5,0.4,2,1,0.6,0.6
73.3976,88.865,73.7942,83.58,oos,ADB,bert,0.25,1.0,CrossEntropyLoss,3,100,2024-09-26-07-31-08,2e-05,0.6,0.6,0,0.5,0.4,2,1,0.6,0.7
72.9039,88.1405,73.2946,82.65,oos,ADB,bert,0.25,1.0,CrossEntropyLoss,3,100,2024-09-26-07-43-44,2e-05,0.6,0.6,0,0.5,0.4,2,1,0.7,0.3
75.115,89.6863,75.4886,84.75,oos,ADB,bert,0.25,1.0,CrossEntropyLoss,3,100,2024-09-26-08-01-09,2e-05,0.6,0.6,0,0.5,0.4,2,1,0.7,0.4
74.3808,89.2597,74.7623,84.14,oos,ADB,bert,0.25,1.0,CrossEntropyLoss,3,100,2024-09-26-08-16-23,2e-05,0.6,0.6,0,0.5,0.4,2,1,0.7,0.5
72.8661,88.6309,73.2704,83.28,oos,ADB,bert,0.25,1.0,CrossEntropyLoss,3,100,2024-09-26-08-29-15,2e-05,0.6,0.6,0,0.5,0.4,2,1,0.7,0.6
74.9871,89.9976,75.372,85.11,oos,ADB,bert,0.25,1.0,CrossEntropyLoss,3,100,2024-09-26-08-47-17,2e-05,0.6,0.6,0,0.5,0.4,2,1,0.7,0.7
73.2007,88.4056,73.5906,83.04,oos,ADB,bert,0.25,1.0,CrossEntropyLoss,3,100,2024-09-26-09-07-33,2e-05,0.6,0.6,0,0.5,0.5,2,1,0.3,0.3
74.3522,89.4266,74.7387,84.37,oos,ADB,bert,0.25,1.0,CrossEntropyLoss,3,100,2024-09-26-09-24-10,2e-05,0.6,0.6,0,0.5,0.5,2,1,0.3,0.4
74.7418,89.5057,75.1203,84.49,oos,ADB,bert,0.25,1.0,CrossEntropyLoss,3,100,2024-09-26-09-41-29,2e-05,0.6,0.6,0,0.5,0.5,2,1,0.3,0.5
74.6663,89.5405,75.0477,84.51,oos,ADB,bert,0.25,1.0,CrossEntropyLoss,3,100,2024-09-26-09-58-23,2e-05,0.6,0.6,0,0.5,0.5,2,1,0.3,0.6
75.0888,90.0083,75.4714,85.16,oos,ADB,bert,0.25,1.0,CrossEntropyLoss,3,100,2024-09-26-10-15-13,2e-05,0.6,0.6,0,0.5,0.5,2,1,0.3,0.7
73.6163,88.9579,74.0097,83.72,oos,ADB,bert,0.25,1.0,CrossEntropyLoss,3,100,2024-09-26-10-35-12,2e-05,0.6,0.6,0,0.5,0.5,2,1,0.4,0.3
74.11399999999998,89.0694,74.4975,83.91,oos,ADB,bert,0.25,1.0,CrossEntropyLoss,3,100,2024-09-26-10-50-07,2e-05,0.6,0.6,0,0.5,0.5,2,1,0.4,0.4
75.4978,90.1395,75.8732,85.35,oos,ADB,bert,0.25,1.0,CrossEntropyLoss,3,100,2024-09-26-11-14-37,2e-05,0.6,0.6,0,0.5,0.5,2,1,0.4,0.5
74.4453,89.6715,74.8357,84.68,oos,ADB,bert,0.25,1.0,CrossEntropyLoss,3,100,2024-09-26-11-28-48,2e-05,0.6,0.6,0,0.5,0.5,2,1,0.4,0.6
75.4486,90.0863,75.8239,85.23,oos,ADB,bert,0.25,1.0,CrossEntropyLoss,3,100,2024-09-26-11-44-22,2e-05,0.6,0.6,0,0.5,0.5,2,1,0.4,0.7
72.7715,88.3816,73.1718,82.96,oos,ADB,bert,0.25,1.0,CrossEntropyLoss,3,100,2024-09-26-11-57-25,2e-05,0.6,0.6,0,0.5,0.5,2,1,0.5,0.3
73.7213,88.5985,74.1028,83.25,oos,ADB,bert,0.25,1.0,CrossEntropyLoss,3,100,2024-09-26-12-14-35,2e-05,0.6,0.6,0,0.5,0.5,2,1,0.5,0.4
72.5188,88.1001,72.9183,82.58,oos,ADB,bert,0.25,1.0,CrossEntropyLoss,3,100,2024-09-26-12-31-51,2e-05,0.6,0.6,0,0.5,0.5,2,1,0.5,0.5
73.5184,88.9526,73.9141,83.7,oos,ADB,bert,0.25,1.0,CrossEntropyLoss,3,100,2024-09-26-12-46-44,2e-05,0.6,0.6,0,0.5,0.5,2,1,0.5,0.6
72.7163,88.479,73.1204,83.07,oos,ADB,bert,0.25,1.0,CrossEntropyLoss,3,100,2024-09-26-13-08-41,2e-05,0.6,0.6,0,0.5,0.5,2,1,0.5,0.7
74.0468,89.1989,74.4354,84.05,oos,ADB,bert,0.25,1.0,CrossEntropyLoss,3,100,2024-09-26-13-22-51,2e-05,0.6,0.6,0,0.5,0.5,2,1,0.6,0.3
73.7562,89.2989,74.1547,84.16,oos,ADB,bert,0.25,1.0,CrossEntropyLoss,3,100,2024-09-26-13-36-10,2e-05,0.6,0.6,0,0.5,0.5,2,1,0.6,0.4
74.175,89.3465,74.564,84.26,oos,ADB,bert,0.25,1.0,CrossEntropyLoss,3,100,2024-09-26-13-51-17,2e-05,0.6,0.6,0,0.5,0.5,2,1,0.6,0.5
74.4231,89.4724,74.809,84.44,oos,ADB,bert,0.25,1.0,CrossEntropyLoss,3,100,2024-09-26-14-04-14,2e-05,0.6,0.6,0,0.5,0.5,2,1,0.6,0.6
73.408,88.98700000000002,73.8074,83.74,oos,ADB,bert,0.25,1.0,CrossEntropyLoss,3,100,2024-09-26-14-25-58,2e-05,0.6,0.6,0,0.5,0.5,2,1,0.6,0.7
73.6119,88.7077,73.999,83.42,oos,ADB,bert,0.25,1.0,CrossEntropyLoss,3,100,2024-09-26-14-39-34,2e-05,0.6,0.6,0,0.5,0.5,2,1,0.7,0.3
73.7928,88.8064,74.1777,83.54,oos,ADB,bert,0.25,1.0,CrossEntropyLoss,3,100,2024-09-26-15-01-19,2e-05,0.6,0.6,0,0.5,0.5,2,1,0.7,0.4
74.2321,89.5218,74.6242,84.49,oos,ADB,bert,0.25,1.0,CrossEntropyLoss,3,100,2024-09-26-15-21-15,2e-05,0.6,0.6,0,0.5,0.5,2,1,0.7,0.5
75.0962,89.6986,75.4707,84.74,oos,ADB,bert,0.25,1.0,CrossEntropyLoss,3,100,2024-09-26-15-39-57,2e-05,0.6,0.6,0,0.5,0.5,2,1,0.7,0.6
74.3438,89.3485,74.7286,84.26,oos,ADB,bert,0.25,1.0,CrossEntropyLoss,3,100,2024-09-26-15-53-34,2e-05,0.6,0.6,0,0.5,0.5,2,1,0.7,0.7
77.4238,91.5918,77.7871,87.3,oos,ADB,bert,0.25,1.0,CrossEntropyLoss,4,100,2024-09-26-16-08-53,2e-05,0.6,0.6,0,0.5,0.3,2,1,0.3,0.3
80.6537,92.8976,80.9677,89.16,oos,ADB,bert,0.25,1.0,CrossEntropyLoss,4,100,2024-09-26-16-25-59,2e-05,0.6,0.6,0,0.5,0.3,2,1,0.3,0.4
80.0765,92.7994,80.4027,89.04,oos,ADB,bert,0.25,1.0,CrossEntropyLoss,4,100,2024-09-26-16-40-27,2e-05,0.6,0.6,0,0.5,0.3,2,1,0.3,0.5
79.5747,92.4111,79.9038,88.49,oos,ADB,bert,0.25,1.0,CrossEntropyLoss,4,100,2024-09-26-16-55-17,2e-05,0.6,0.6,0,0.5,0.3,2,1,0.3,0.6
77.9496,91.7899,78.3045,87.58,oos,ADB,bert,0.25,1.0,CrossEntropyLoss,4,100,2024-09-26-17-09-56,2e-05,0.6,0.6,0,0.5,0.3,2,1,0.3,0.7
79.0793,92.2363,79.4167,88.21,oos,ADB,bert,0.25,1.0,CrossEntropyLoss,4,100,2024-09-26-17-26-21,2e-05,0.6,0.6,0,0.5,0.3,2,1,0.4,0.3
78.6223,91.9396,78.9638,87.77,oos,ADB,bert,0.25,1.0,CrossEntropyLoss,4,100,2024-09-26-17-39-54,2e-05,0.6,0.6,0,0.5,0.3,2,1,0.4,0.4
79.4258,92.3647,79.7576,88.4,oos,ADB,bert,0.25,1.0,CrossEntropyLoss,4,100,2024-09-26-18-00-43,2e-05,0.6,0.6,0,0.5,0.3,2,1,0.4,0.5
79.6537,92.4962,79.983,88.6,oos,ADB,bert,0.25,1.0,CrossEntropyLoss,4,100,2024-09-26-18-22-59,2e-05,0.6,0.6,0,0.5,0.3,2,1,0.4,0.6
79.0682,92.034,79.4007,87.93,oos,ADB,bert,0.25,1.0,CrossEntropyLoss,4,100,2024-09-26-18-37-50,2e-05,0.6,0.6,0,0.5,0.3,2,1,0.4,0.7
78.0012,91.6764,78.3518,87.42,oos,ADB,bert,0.25,1.0,CrossEntropyLoss,4,100,2024-09-26-18-52-47,2e-05,0.6,0.6,0,0.5,0.3,2,1,0.5,0.3
79.2177,92.3452,79.5543,88.37,oos,ADB,bert,0.25,1.0,CrossEntropyLoss,4,100,2024-09-26-19-11-06,2e-05,0.6,0.6,0,0.5,0.3,2,1,0.5,0.4
79.0266,92.1737,79.3637,88.14,oos,ADB,bert,0.25,1.0,CrossEntropyLoss,4,100,2024-09-26-19-27-41,2e-05,0.6,0.6,0,0.5,0.3,2,1,0.5,0.5
79.9945,92.7359,80.3212,88.91,oos,ADB,bert,0.25,1.0,CrossEntropyLoss,4,100,2024-09-26-19-41-59,2e-05,0.6,0.6,0,0.5,0.3,2,1,0.5,0.6
78.7386,92.2524,79.0851,88.23,oos,ADB,bert,0.25,1.0,CrossEntropyLoss,4,100,2024-09-26-19-55-25,2e-05,0.6,0.6,0,0.5,0.3,2,1,0.5,0.7
80.1021,92.8563,80.4291,89.09,oos,ADB,bert,0.25,1.0,CrossEntropyLoss,4,100,2024-09-26-20-12-33,2e-05,0.6,0.6,0,0.5,0.3,2,1,0.6,0.3
80.3402,92.8109,80.66,89.07,oos,ADB,bert,0.25,1.0,CrossEntropyLoss,4,100,2024-09-26-20-32-56,2e-05,0.6,0.6,0,0.5,0.3,2,1,0.6,0.4
79.3883,92.3309,79.7202,88.35,oos,ADB,bert,0.25,1.0,CrossEntropyLoss,4,100,2024-09-26-20-47-54,2e-05,0.6,0.6,0,0.5,0.3,2,1,0.6,0.5
79.7394,92.4128,80.0643,88.47,oos,ADB,bert,0.25,1.0,CrossEntropyLoss,4,100,2024-09-26-21-03-08,2e-05,0.6,0.6,0,0.5,0.3,2,1,0.6,0.6
80.1365,92.8456,80.4623,89.09,oos,ADB,bert,0.25,1.0,CrossEntropyLoss,4,100,2024-09-26-21-19-07,2e-05,0.6,0.6,0,0.5,0.3,2,1,0.6,0.7
78.7867,92.0683,79.1273,87.96,oos,ADB,bert,0.25,1.0,CrossEntropyLoss,4,100,2024-09-26-21-35-15,2e-05,0.6,0.6,0,0.5,0.3,2,1,0.7,0.3
78.733,92.1364,79.0767,88.11,oos,ADB,bert,0.25,1.0,CrossEntropyLoss,4,100,2024-09-26-21-52-08,2e-05,0.6,0.6,0,0.5,0.3,2,1,0.7,0.4
78.4976,91.8957,78.8412,87.74,oos,ADB,bert,0.25,1.0,CrossEntropyLoss,4,100,2024-09-26-22-08-51,2e-05,0.6,0.6,0,0.5,0.3,2,1,0.7,0.5
79.1349,92.2934,79.4723,88.3,oos,ADB,bert,0.25,1.0,CrossEntropyLoss,4,100,2024-09-26-22-22-40,2e-05,0.6,0.6,0,0.5,0.3,2,1,0.7,0.6
